{"cameraMode":{"drawMode":0,"name":"Shaded","section":"Shading Mode"},"sceneLighting":true,"audioPlay":false,"sceneViewState":{"showFog":true,"showMaterialUpdate":false,"showSkybox":true,"showFlares":true,"showImageEffects":true,"showParticleSystems":true},"in2DMode":false,"pivot":{"x":-0.7070605754852295,"y":-1.5091049671173096,"z":-1.8589049577713013},"rotation":{"x":-0.5013551115989685,"y":0.4986420273780823,"z":-0.5010547041893005,"w":-0.4989440143108368},"size":25.84280776977539,"orthographic":true}